,Code,Year,Deaths - Self-harm - Sex: Both - Age: Age-standardized (Rate),Prevalence - Substance use disorders - Sex: Both - Age: Age-standardized (Percent),$1.90 per day - share of population below poverty line,Deaths - Cause: All causes - Risk: Air pollution - Sex: Both - Age: Age-standardized (Percent),Prevalence of undernourishment (% of population),"Primary completion rate, total (% of relevant age group)",Human rights protection,GDP per capita (constant 2010 US$)
0,ALB,2012,5.062668912263671,2.18667332275098,0.8497543999999999,10.98630651599224,3.5,98.6721267700195,1.03964220322529,4276.60790388367
1,DZA,2012,3.836444723955614,0.88318283881822,0.4155152,10.57561973127988,3.5,101.552879333496,0.487922697068312,4588.13355679286
2,ARM,2012,8.620360914862143,2.59151763740343,0.9169955,12.15162997998707,3.6,93.851692199707,0.192295316369626,3603.5833540796
3,AUT,2012,12.269534889433755,4.050788357369,0.6169174000000001,4.0956842641276,2.5,96.693717956543,2.2864888197376,48172.2381151452
4,AZE,2012,4.084753695599346,3.0430230314441298,0.0,11.26819696419506,2.5,91.9911880493164,-0.181520626899757,5725.63412853394
5,BLR,2012,23.443464691657088,3.72595017401388,0.0,8.75178289000388,2.5,104.076461791992,0.225500043408912,6478.70481089972
6,BLZ,2012,7.188527621645472,2.57965055639544,13.66115,6.95824318007945,7.9,108.057716369629,1.16756003351601,4253.08766044306
7,BEN,2012,11.910356572384948,0.86996559584309,52.531290000000006,15.53839224713546,8.1,73.0410766601563,0.975622828618603,1057.66716880358
8,BOL,2012,7.247490310336214,1.88600675869255,8.16095,9.70540992201297,19.7,97.446418762207,1.00974450110635,2094.02394900401
9,BWA,2012,21.902835459849552,2.5728335694428903,15.54525,9.25908929221583,23.3,101.208419799805,1.83616709759672,6944.80914927972
10,BGR,2012,10.680574564872472,2.56141922606508,2.200165,9.54476962668217,4.1,101.810562133789,1.37528437487215,7083.59878715875
11,BFA,2012,12.67789822827806,0.7881535596278599,47.93311,14.16468918241802,18.5,57.3660316467285,0.516741858556956,692.444787200338
12,CMR,2012,14.946020108871098,0.99502804988301,30.243170000000006,12.558246231568932,7.1,74.2418212890625,-0.114668776702482,1325.93016371596
13,CPV,2012,16.684470917151167,1.0195640354400202,4.816529,11.3948560875368,16.1,97.7590789794922,1.73265087015468,3461.88553912386
14,TCD,2012,14.396329837582542,0.75840242941167,35.733470000000004,16.08284564118583,38.6,34.4006614685059,-0.464661988483445,909.31248602036
15,CHL,2012,10.52737911378497,3.9368635212098,0.465755,5.59133101035602,3.3,98.8201675415039,1.13849781189573,14035.669451247
16,COL,2012,5.73621226290078,3.00394712382923,6.247937,7.375498254363371,9.6,109.66822052002,-1.0127915845359,6911.76119085696
17,COG,2012,13.039054003302716,1.55404776312508,36.60079,11.63938689248069,31.2,71.6060409545898,0.258582599872018,3272.75731940926
18,CRI,2012,7.061698946715198,2.52378761699269,1.691766,4.73718699457381,3.8,102.410400390625,1.49480027114635,8796.16797499092
19,CIV,2012,14.84183448719269,0.86519384600515,35.49305,13.59299662069022,22.1,54.474479675293,-1.12272354514068,1223.6319350233
20,HRV,2012,12.659281992628149,3.1574891583906,0.8355705,7.1805887521992,2.5,92.7430114746094,2.65802604456371,13677.4207155701
21,CYP,2012,4.181403957453776,2.35789869875408,0.0042377989999999,6.01967390421809,6.3,100.064140319824,1.53944757887404,28873.621277345
22,CZE,2012,12.658319064578771,3.65954851873688,0.03220716,6.66074046413959,2.5,100.990440368652,3.08733665283333,20082.2511927375
23,DNK,2012,9.12516339077827,4.18925314842557,0.0,3.5107912148341303,2.5,98.2584915161133,3.12201053604714,58487.7935424732
24,DOM,2012,6.817260401383258,1.95876217628193,2.598818,6.883355119498489,9.8,93.521369934082,-0.399938737798679,5745.41985159703
25,ECU,2012,10.147939396501489,1.817038145379969,4.494096,5.55639344462286,17.6,108.207130432129,0.570247839388461,5122.18108325797
26,SLV,2012,7.596363410828795,4.0723009667166,4.219873000000001,7.252641585876731,10.6,103.404113769531,0.408141388346168,3156.62337844465
27,EST,2012,14.722577674721956,3.617761843274861,0.7154801,2.23622938384944,2.5,103.817939758301,2.66571919617881,16485.0450426469
28,SWZ,2012,28.27958342220201,2.98503202071765,32.7706,8.24898971494022,8.1,84.6974716186523,0.0683263607271019,4431.83606516964
29,ETH,2012,11.822474016994494,2.89889236529493,34.32967,15.056578190154,29.9,50.3079681396484,-1.80014117501542,389.938920464021
30,FJI,2012,10.01500597935768,1.29537680216391,0.9005696000000001,9.449497080223871,3.5,106.260528564453,1.22647481395932,3781.20202575104
31,FIN,2012,14.754230858590734,3.50590680912624,0.05272516,1.23810534980125,2.5,100.030967712402,2.98636672269211,46538.5482393103
32,GMB,2012,8.806399015619355,0.8436761841532201,22.4689,15.02389457161963,13.2,65.6831130981445,-0.0898583042375936,783.262992377178
33,GEO,2012,6.531322415678026,2.6732147153754,8.464172,10.76408812127884,4.3,101.436813354492,0.577975684199243,3751.00347121289
34,DEU,2012,9.606225663843151,3.22294247513472,0.0,4.06188403228195,2.5,98.6531372070313,3.01692197937606,44070.9085651782
35,GHA,2012,10.701052126805422,1.01934082726935,12.16925,13.37501926022163,7.3,93.8643264770508,0.352221921614072,1543.76368731207
36,GRC,2012,3.598069279575393,2.4457953516465,1.469778,6.54037335431091,2.5,96.9841232299805,1.06800140967842,22437.2204706296
37,GTM,2012,6.104574453565595,3.94651876954776,9.813117,11.71174764023092,18.0,84.7521209716797,0.495934068366364,2951.61147194396
38,GUY,2012,37.70294663533405,2.65813375523468,7.592472,7.92494915058099,6.0,97.3759384155273,1.04829100157906,5044.87384047201
39,HND,2012,3.488285115514686,2.86996328452814,20.06374,11.84180838051288,20.8,86.8210678100586,-0.0807883835481605,1982.00950846405
40,HUN,2012,16.876732293153726,3.11217589091273,0.3058152,7.78441774331919,2.5,97.5367279052734,1.56827114655815,13367.9931241148
41,ISL,2012,9.663468050330431,3.20163591832937,0.03355582,1.2035999405432298,2.5,98.1638412475586,5.13785067427502,44132.3166633736
42,IDN,2012,3.216741310990632,0.92536391136871,9.470777,12.05969924782874,9.3,103.098258972168,-0.248388795923846,3421.28314594111
43,IRN,2012,5.468097620908263,1.07681828470349,0.3681091999999999,11.10187805954941,4.8,97.207389831543,-1.16018626631433,6122.43054988181
44,ISR,2012,6.170123923966821,1.7493750675673998,0.4891973,6.19217020719139,2.5,107.08470916748,-1.1419704877817,31701.8353645015
45,ITA,2012,5.299950152077344,2.77704585014886,1.171693,5.13480225426586,2.5,101.416191101074,1.28845518129437,35019.4718880864
46,KAZ,2012,29.862615641640463,4.64488142390645,0.02514636,8.71731096831052,2.8,107.51927947998,-0.143005405973065,9923.42161744024
47,KGZ,2012,11.91884874642992,3.6952082805919098,2.482169,14.04319095718837,8.2,95.7469787597656,-0.257980176384929,905.165668147783
48,LVA,2012,17.725111977992967,3.52024951301266,1.031883,6.292631006464269,2.5,98.5328674316406,1.6902428042518,13023.7083467423
49,LSO,2012,45.43131716157286,2.76015319816318,34.867470000000004,9.46736294376402,11.9,83.2772827148438,1.04459681728572,1233.72777167439
50,LTU,2012,31.54366976147696,2.9741875986511,0.9477926,4.93136896382583,2.5,101.103492736816,1.87395276541494,13683.8585107703
51,LUX,2012,9.266587362923556,3.79615905209869,0.04361895,3.3382427786687296,2.5,85.8498229980469,5.33293962700989,102404.612086023
52,MDG,2012,10.425881331232045,1.65012243488958,78.84057,17.18762227673756,30.7,69.1286315917969,-0.4304809079155,467.435789903935
53,MWI,2012,12.797777886804925,1.7999604917720802,71.80288,12.35013804697997,17.0,74.800178527832,0.465071514525527,482.923624373842
54,MYS,2012,5.354311150685393,1.10108660433119,0.05948959,6.70746726560403,2.9,106.728370666504,0.459606184585119,9743.0947412817
55,MLI,2012,7.88307166210325,0.7116214004961701,52.38192,13.79272143549503,8.0,54.5511283874512,-0.922458318680057,684.646961737271
56,MLT,2012,4.5556097263903785,2.83912214248488,0.1177221,5.45764068868852,2.5,94.6376800537109,2.66639300400414,22503.1320022588
57,MRT,2012,6.902071123962068,0.7906739466602299,7.957925,14.551700189775191,7.1,70.4361419677734,0.490125119573602,1652.71372425405
58,MUS,2012,8.429890642268338,1.90516734519195,0.5545372,5.85635009062353,5.7,95.622673034668,1.27045756196711,8580.08564924831
59,MEX,2012,5.436681587139951,1.95423044593156,3.839893,7.34039077420598,4.3,106.011009216309,-1.12136202692824,9690.86898189802
60,MNE,2012,15.147368319594742,2.59335906484054,1.264296,11.76370972129527,2.5,99.5978927612305,1.54893753877839,6703.65760332829
61,MAR,2012,8.430045920391239,0.89311125749485,1.101569,11.87070458009847,4.9,98.0196304321289,0.0864099946210427,2995.45235738661
62,MOZ,2012,16.87801229869358,1.91726315895582,65.46452000000001,12.05755588217506,21.1,52.044059753418,-0.0460080009142267,514.592024400883
63,NAM,2012,13.506332754382122,2.86523630404932,17.55797,10.37656446439554,24.0,90.4427032470703,1.20059258092329,5750.66147101539
64,NPL,2012,13.200937880773312,1.55943972924672,8.456313999999999,23.73309094290688,7.1,104.314056396484,-0.129228707200857,640.435685009658
65,NOR,2012,9.86177503549987,2.65177006844911,0.1173068,1.65471383745195,2.5,99.7610626220703,4.19473165443333,88604.5746477835
66,PAK,2012,9.000346289212336,1.9162515037547696,7.086391000000001,17.492465808464218,17.7,63.4862098693848,-1.52517092032833,1006.08054088811
67,PAN,2012,5.357943202743929,2.27515013537539,4.122859,5.39318628114805,9.2,100.635452270508,1.47739322188856,9541.0012297732
68,PRY,2012,5.603535169750178,3.26812157334178,3.174785,8.67318626948967,7.9,88.03662109375,0.663950171117627,4392.14041464789
69,PER,2012,3.369945787360922,1.83855678054309,4.8106230000000005,8.59618976802879,5.9,94.7825927734375,0.224587141973579,5642.57773269561
70,POL,2012,15.996909828188167,4.01851861251007,0.0191032,8.60239735690898,2.5,94.6511306762695,1.82998358500473,13380.9866049611
71,ROU,2012,9.903857081030406,2.5267196391108,0.0,7.4842113362813505,2.5,97.3431777954102,1.08386287495159,8621.87296118849
72,RUS,2012,27.4752515684442,4.48494555113642,0.03408303,5.61241840799033,2.5,97.7176895141602,-1.15626154787927,11553.5764196495
73,RWA,2012,9.680595189113106,3.5395426437529096,60.53842,14.89093892615416,22.2,71.1614303588867,0.0076053710190026,680.538100467947
74,WSM,2012,13.694605703825442,1.64143991939489,1.062384,15.25598702083939,2.6,106.244262695313,2.58246148516757,3504.12454225867
75,SEN,2012,12.158454983560938,0.78140338450785,37.93806,14.23420886121095,9.2,60.1409111022949,0.413586312166764,1267.74699610972
76,SRB,2012,14.30307641546185,2.53605113092019,5.340191,12.07755518997804,2.7,98.0101623535156,1.43958224419907,5886.89461767324
77,SLE,2012,10.296173333053035,0.8304161791524999,41.43105,15.28856990170244,34.6,64.1604232788086,0.677123927839211,470.301054308203
78,SVK,2012,11.43998226985739,3.08794483296574,0.3130284,7.22955781081959,3.5,93.188232421875,2.01898098356257,17502.0642069709
79,SVN,2012,15.75780380326582,3.41011186605642,0.02625445,4.9739928609511,2.5,101.97225189209,3.26146050896363,22989.9297131691
80,SLB,2012,25.77959813163564,1.37871958615642,26.89311,22.81138324419941,11.7,85.0746307373047,3.97032180090899,1663.97021272438
81,KOR,2012,24.64455825553201,4.021531139365099,0.2492806,6.422691976431059,2.5,109.699768066406,1.75664297401797,24197.9413704675
82,ESP,2012,5.901969467991411,3.3282330780537204,0.9489588,3.1815513093584604,2.5,99.3201065063477,1.82733811764198,29235.8286869685
83,LKA,2012,19.62563448245546,1.4901805664747,2.119701,11.83900970335307,8.9,97.2562789916992,-1.15001546074446,3286.0075942939
84,SDN,2012,6.31977785183218,0.7197175002566101,11.63736,16.864776049044462,19.9,57.5498313903809,-1.74959155873337,1825.57805916639
85,SUR,2012,24.20852109792458,2.38017322069499,17.822969999999994,7.71227825014773,8.3,86.7471084594727,1.47883493247486,8772.92880378442
86,SWE,2012,11.915672234619722,3.6223447395722697,0.4570020999999999,1.36886339479301,2.5,102.679481506348,2.88204119772129,53432.6448453224
87,CHE,2012,10.8915599541751,4.18219528939067,0.008965495,3.2303123267799,2.5,97.4105072021484,2.40318253433551,77844.1877874538
88,TZA,2012,10.331677640549964,1.8147592782808304,49.6492,12.97149309118273,29.1,82.1112976074219,0.25533086451937,788.429901780367
89,TLS,2012,5.327890811211018,1.23859312585362,30.24432,17.34681852927324,31.1,83.3279266357422,1.14745720863553,873.078966166126
90,TGO,2012,12.800158420105248,0.77890737161483,54.01998999999999,14.2366720890182,22.3,75.1290817260742,0.705758459950487,573.923988738926
91,TUR,2012,2.8367464077943665,0.84507697451871,0.09306085,10.41972187934345,2.5,99.8199234008789,-0.608028966288073,12128.2962831199
92,UKR,2012,18.73519388143995,3.39691001795626,0.0,7.92127012958784,2.5,97.5071792602539,-0.303336149430915,3153.7354536996
93,ARE,2012,5.666374677459196,1.35574370711564,0.0,13.13129670067168,4.5,93.9415588378906,0.95423789298133,35416.8840359827
94,URY,2012,17.386614808873162,3.10139354007421,0.1510502,2.59278898856741,2.5,102.657737731934,2.78058297898138,12981.1362695489
95,UZB,2012,11.193314998414412,2.42600103048005,23.2549,14.978034980834687,8.7,92.9503402709961,-0.27113974652816,1814.46719583905
96,VEN,2012,7.694245726894135,2.06170345018114,5.352436,6.9112813987143005,3.3,96.3213882446289,-0.669714755301181,14735.9075572168
97,VNM,2012,8.05419671123982,1.79518163487492,2.728185,13.82256398360118,10.1,102.639686584473,-0.0783070340585661,1443.50163250552
